study_hours,attendance,sleep_hours,previous_score,final_score
7.96560443700367,88.94981772890645,6.387529368138663,58.10499847480626,100.0
4.949905957768471,56.727610420657356,7.807162815920038,45.56639039127205,77.30071681834752
8.727381279202442,76.80340179738187,8.516639359820266,32.710387019365584,100.0
7.276312261534275,75.71114350952072,7.603479733591758,58.88948041957684,100.0
1.8475961309888458,92.87860720612787,8.816056117746898,87.5599408581365,86.98606851021198
9.780601164730804,73.1399682796758,7.910025853690886,69.15115204515979,100.0
7.850257317913177,69.25447480501768,8.334007191309633,59.73039339771711,100.0
8.074578747492584,81.97816356185551,4.570520355918186,36.641524441776966,93.08723854546648
2.1530226940799126,63.32316587504231,7.662067514968939,45.146177432975236,63.035279934672964
5.053473441060104,56.98842054769784,6.200443497636844,47.686436974472564,75.85682037175424
4.337182218093231,73.89386370118729,6.765519012056377,75.88821315643406,92.60774575935694
9.340884899637416,70.84446842974425,7.270512047411784,82.60264783587715,100.0
6.794786080725981,61.62849702644368,8.849075583527847,84.09851121398631,100.0
8.40485451943747,68.3755905057564,8.922890407158123,89.07411649504525,100.0
4.99072778944598,68.31962249131237,5.441141227439527,88.94200098627195,100.0
3.0451484960629918,66.37477822062728,7.668767487189581,87.17994796607888,89.69096314955513
5.991263083142513,68.97320398634645,7.749917689676343,34.30932843017306,81.37696576370007
1.574355304937578,84.28716727279726,5.7324643065652445,38.26761215566831,64.48580728919522
8.44868054793324,64.84382372856426,4.619348874321105,48.26799158856197,100.0
6.684979592098584,97.44289633576702,4.204734801428598,63.17389524386769,100.0
7.822789660768365,95.81740097690889,7.886715637645892,35.818673322328756,100.0
4.190733713168815,74.04552141500393,6.44849870908453,80.74781746812855,86.63872997217138
9.736282219554129,66.41806025023445,8.92770084747463,67.00537074463854,100.0
9.038090091899779,76.77173949150016,6.324867280968265,62.5418641381323,100.0
8.005451473663857,92.42802443868123,8.8895848953692,39.91867940203747,100.0
2.751748370667708,82.6293670280051,6.057880010970299,45.19532846401184,70.51106061791357
5.200489033543308,90.21959139735387,7.968410752799863,39.618721498935486,98.92829983578856
1.394233892085059,76.636113803287,4.42409636155916,81.11598946768791,76.87056556992822
2.3886054286079306,81.64588146338104,6.7773085506888195,65.05367160367308,76.11816332477353
7.147440579182092,64.40778070912309,8.01029893492862,74.107765651178,100.0
7.702859403170354,86.74465811551454,8.623508336099444,47.76197177460155,100.0
9.70758759190789,60.120229656285915,8.112915453087158,52.27515822529663,100.0
3.9324282232433676,84.73990644092491,4.1848536360058715,54.29129786559203,74.80276969111416
4.33413735431382,93.0359534162947,5.8635117065336715,75.6008983046421,92.65270883095675
5.226002301482271,56.605141865077194,4.243492361569256,76.34117926047409,97.88986285011184
2.705242231758571,80.71898702709599,4.54641145557279,42.4088116508419,61.64412831994655
2.169293548019245,54.75478741149673,7.376528143337421,86.49233140428595,70.66051016984585
5.281344336033404,86.28578141357134,7.566290981558491,37.23932024662118,86.6693386937962
3.042184141457957,54.22466094117601,7.868603413758132,83.76732494541781,84.97365591873576
7.028325952142593,96.7969911350313,8.327282740278314,36.023738738988555,100.0
4.934367269850977,56.870396501890106,7.69715734238255,45.87238866907867,78.2435632187012
8.494103764520537,97.94401229545402,8.00435796053316,80.78871216407742,100.0
7.302385918020242,90.04420880425484,4.244818549116396,40.769524340765244,97.2433163053353
3.8112997724383697,79.6841002233177,5.172675752206493,54.81407587859819,75.8714243105182
8.49033821255681,89.13120523147734,7.109488866876228,56.99155799664757,100.0
8.242879217471216,89.7557419491543,8.290626523124116,44.71553838139258,100.0
4.487305411271571,97.30135314086652,4.022500624698296,72.6147120801592,100.0
3.5949529353721967,62.66916769195936,6.573146710581749,81.08007896413223,83.81178516612408
7.14245953577478,79.50379476791545,7.3864369968219865,82.4745083913343,100.0
2.257772352483788,54.75245987822006,4.148036445643066,50.35932874419366,55.028160690142826
2.799173822275975,80.80828500120606,6.006777787766939,61.85102365726887,64.32873672625558
1.0662604277590497,58.564565204639436,8.478174406918484,44.90438423193909,48.82216147461921
8.082319397519246,78.2475305736221,7.358064044279294,44.68779009300873,99.90961365844183
6.983657709328289,78.62152570169249,5.188291816802987,39.67524377111545,84.8756780196984
7.346488407637016,73.29925764906136,8.263905648159565,86.40114064845088,100.0
8.026561279197711,76.13158877565614,5.740157117047572,83.27932971633479,100.0
5.13024197984506,88.1961695003294,8.266723355720298,76.64152279966154,100.0
6.118670763576044,89.96223582560333,5.4947182555945275,61.05969127726374,100.0
2.258172983148917,74.60766077877146,6.9516012544157455,59.436474930712315,74.44641385408679
2.030770661823761,79.97967207613061,5.98470033873917,61.78473997094988,75.81303688067001
7.015626656114245,96.5618117845051,5.374125253775335,62.19408081462536,100.0
5.239865855288192,55.98667942505614,8.432787810859345,56.073785081861416,91.17351533453112
6.087124958330699,55.85517829500552,4.937968409697457,37.90528997352405,85.5790679711441
7.88498971674423,54.38545059553842,4.424057956178816,37.53983117211216,90.27934613781576
6.712464880005317,82.8931642520264,5.709634692728302,87.134982950741,100.0
5.982214605921962,70.93041503951898,7.588195738207838,58.92184557518104,100.0
6.032864446708722,88.71607080709217,8.037158029881407,87.19233149431133,100.0
3.7355508825635098,83.56157066542963,8.993716850333824,39.8146126626066,75.01990555676184
1.2773605111114548,66.68188791641191,5.481810285055825,63.264993122396014,56.55416096975454
4.9304565030912615,94.91832736807679,6.0397097556564106,42.46303520109235,89.46600015559073
2.931262055375763,88.12660735353262,4.6841063901481315,45.1910763675961,73.69445606989734
4.676757793521725,63.526747045508785,6.874359648115168,31.803274725670725,70.8655488784562
8.680627659413496,68.2096008886027,8.987900186314587,37.13719864441268,100.0
3.1054553727880667,65.72199901021314,7.504405050603292,85.01090445775174,89.56844185227847
1.5247246752015942,57.880582431249984,6.976064202066858,49.2919794889399,61.30908912778891
3.532455028197969,57.389168627109584,5.96184546460897,66.4877527148755,85.24120566899475
3.6423438199001525,96.8063731687872,8.576493801427773,57.90084791935638,96.94830272081165
6.957248632542056,71.89520185993766,6.484582980651747,54.0270747147167,96.60054817885725
6.013289371071505,69.1659911388705,4.671834566565307,61.913165480764086,100.0
8.05508388195772,86.4842854338689,5.826892315995668,41.23433667692049,100.0
6.9788218629464875,77.64965326264499,4.335833344238835,89.31623391117459,100.0
4.657481752960635,96.8069993419231,5.009895188443908,79.09847212223178,100.0
8.326183461994312,89.01507469546961,4.088343904999561,74.49687796389091,100.0
2.5027562791693354,73.96847820622702,6.266399582500817,58.125557820837145,63.321175619264864
1.2044086582047444,68.81797367404131,7.172701324758986,39.17262732758016,54.646533076734414
1.8104307469807757,99.3315772462161,5.716462311894539,85.23995149641408,77.34624629260965
7.501234155368053,85.88801180018217,6.101908857526386,50.48322404290366,100.0
5.156895072262486,97.55973300019205,8.79604636422288,33.006401381816026,99.34677879065198
2.451446011302416,55.923928860852065,7.759815607874577,50.544220608637715,61.81015744615603
5.509402975930271,92.52668395953913,6.704283184724757,77.66742182975307,100.0
2.3708089244185158,81.85369419956038,5.422704375559126,67.36252469929249,72.60387956381354
7.266883375699624,56.09608391675563,8.484983993864976,75.05031508469158,100.0
5.015406480166276,79.41289999846103,5.175485584403297,77.61812303174264,100.0
4.429191034868342,84.30481825527244,5.626713652583385,42.71727666483255,81.63007255625115
3.7136088023308886,50.61513429443014,8.545324072114742,85.42699896559081,96.86682780870875
6.672543338069996,72.71589809208733,6.647710276425362,56.27937617522235,98.59472628532855
4.256313494980514,91.26997555981606,7.711589747089883,68.34081895584987,100.0
1.7888492738449089,64.7679512672045,6.953723970818831,30.13852635520452,54.92539386017468
2.062053119084638,72.92740408992756,7.267196045047475,89.60210990467068,87.03312113873139
9.65707898094563,72.11570635339466,5.496916457574128,46.85378315784931,100.0
9.177226216368464,65.09636957212459,5.206860308133315,33.723786392409316,100.0
7.297364204296746,95.92209477577771,5.612461735843326,57.495722492190836,100.0
3.392829653135676,89.06470177157578,4.777207820417113,37.7418034309225,68.5514656321882
9.722587396129516,55.52942054980552,8.371571826454037,39.13960260945454,100.0
8.008758135692151,99.85173289187865,5.4162346662505705,67.93696878181261,100.0
7.45201170243096,93.96000121538727,6.807446972071923,53.57564349421399,100.0
5.044253519294098,64.19542189320195,7.9598721257068705,85.3111470092997,100.0
3.450174056606431,91.84482898304691,7.919120546878568,49.149389676484205,90.48982778825214
1.8675186593814936,55.32097659356914,6.191931292920964,73.57080770303406,66.5104201650906
9.123421568894575,99.95523652371193,6.381286542933628,57.665965809294455,100.0
5.1019866085025,83.28423680532684,8.973508744675124,69.59707806775673,98.88026819893986
2.821270283157073,82.50625077793984,7.37298738489512,65.98172140295942,82.06971343458069
3.7536096173558726,54.52203634920664,8.073192215589414,58.36703836553989,75.08973465025885
6.212976120477064,94.85166994483126,8.512769846096159,87.00366567746622,100.0
2.5909550464530855,51.449975160223474,7.937949181146696,50.56281856529735,67.52221982279245
8.70952855683138,62.04140290205736,4.925896724767838,40.63413007495635,100.0
7.826675768516891,57.151093758331754,6.8108536686878605,70.6856436527897,100.0
7.475166603558431,88.83839703461092,4.509470786572725,80.76045367847453,100.0
4.888837357975934,59.910211360644894,7.264610632819992,32.41522439639542,65.98741764748672
6.6457795663219885,95.53191135654427,8.776747140939055,56.977961305360836,100.0
6.25688172021462,82.81345196637452,6.5636603215005564,83.54926138123957,100.0
6.84861941399338,51.80813552473481,6.164862464338836,74.97711713537205,100.0
1.7599988902590018,50.27149170643502,4.179213757090816,89.50846298985769,62.84166505873007
4.742266619535487,52.58289585071994,8.798872611646102,61.88482869583463,86.80680693351557
1.3745275647570323,80.29625888238638,4.515013420650794,69.59974312806908,78.34053505222568
5.44591737320067,90.07409054297077,4.205395466524235,48.14881686827569,94.83226682137186
3.968750910995068,61.927641031369426,5.2303330575246925,86.85213597995954,89.79443539036122
2.300717699794422,92.47044214615364,4.327652169591913,51.98012931339218,68.9344169716271
1.9306267095029648,52.86159700766302,6.2755892120588115,74.31064276119771,66.53764273204
6.288801149599409,90.04819268208381,6.580439006285562,54.18841224714491,91.93609981410722
2.535336716831975,96.38977150861402,5.56284974514292,63.70913580377996,81.78041951424021
9.326081065391175,88.60541995521902,4.25480241287443,73.18695210129277,100.0
6.229550257303555,84.90603919893186,4.558001841246133,60.536049105081254,92.25198932885309
4.121828240813533,91.89901093276916,5.922521889949641,84.42517961457051,95.76927118474406
6.31823942333275,52.00756497735332,4.302642254132681,55.15805927566861,82.55980938683462
1.2052348392672774,60.08910553595277,7.490948628049567,68.8243078885995,60.4027656591271
9.627032919173008,56.24618396528216,5.03510270762406,50.54174599800325,100.0
5.340730932486102,75.22654950964933,5.510357843918193,54.48940009386078,79.59236740877674
8.044617045252576,87.25940641644223,5.970628885890488,56.40300649401314,100.0
1.7445699993019472,81.50059222881993,6.0830481653457396,37.548421098737116,64.57538370094147
5.3799249775434435,92.55655498809675,4.008303538374003,35.5034207435404,84.38475200402573
5.416362949190688,57.760649622054544,4.560351854993487,70.04939538880548,77.6994789190409
9.440438094774846,86.73105459675807,8.313822818704391,69.33106430058314,100.0
6.145552471384678,59.6520745434452,4.00616531255954,69.77458285260572,100.0
5.261404609512584,63.53793756589001,6.540836779064375,31.185986720561502,64.2868919895334
3.4027809678270424,85.4952348640652,6.447510032536041,49.592810560306795,77.23880944596804
3.98412097608297,99.0102392449341,5.6654708050531895,41.868590835551814,76.93755725552522
5.68605162224384,80.57718029885348,6.156635100732248,76.68908535264075,100.0
4.95020314274542,52.72501574956478,7.902905687632922,81.63782408376781,91.60284512832656
1.194508718922974,80.81544849637663,8.206018531074783,44.80082263356884,64.85532253509157
8.43662731774922,52.11752757900835,5.30174271707625,70.07094953087918,100.0
9.0654469465579,94.20728556834086,5.612452204838649,37.761768207496466,100.0
2.262241800987497,85.47891425503104,5.212414265141664,46.5091515361028,66.88693917719856
5.986325291851444,58.65639232112516,6.399317002755326,38.31926977400517,86.30810000114577
1.977181670218992,54.5860502912099,7.416291788294065,47.01124599595375,52.71974546408133
7.050160837358305,59.17666144401595,5.1412643773171025,70.48419284095667,100.0
3.531104054551075,99.00135897770963,5.653678710274333,84.61961461111514,92.94395574467114
6.934803712227116,72.92803212292449,8.651923087945752,42.151344475451154,97.45668722412752
7.542951528581943,89.2040474170704,4.24284644923479,62.52474209704315,100.0
7.9178274272589135,81.82041710538884,6.303848026197831,72.08346607460594,100.0
1.969668513603069,78.62065749793186,7.557790207983889,87.17534810913395,84.72455154487514
9.244106606238471,57.256512733252485,4.752270057787371,66.60362897323043,100.0
3.0719259180539273,97.30122267790475,4.236870100027409,45.30641586164284,76.63638884193361
1.336713005585618,65.0671316257359,4.691026858192654,67.52868941483618,54.98065875914992
5.99367222452335,78.90086079037711,8.594115967653416,49.229469700680966,97.5898791688808
4.338300554761949,84.9887972294533,4.046298909105617,88.56770344150246,100.0
8.468107688191719,82.46165776226545,4.941609874056759,53.98056810981821,100.0
8.274263248578716,97.02972048477592,4.156417564508223,71.12566324566086,100.0
3.854250035404438,57.4219494960029,4.5531473378110165,31.393654940805508,67.97623610007825
9.576094555627705,75.4176369223471,7.100746433141481,54.00368676808532,100.0
3.6182605432610675,70.2017195370383,5.208194543695429,82.5064567993507,89.26307210985615
5.635514163085431,73.7084364741309,6.846060252153384,66.61364666599475,100.0
3.303685815108425,55.96087630988723,6.9509769138306305,56.636573183758586,75.33792213550554
9.424392130440669,56.704730493638266,8.247176665448896,86.15624996614355,100.0
2.4814703582381634,63.90377728906287,4.02370696455937,81.23906256883375,88.62633880485018
1.4041955745309609,65.23523018804157,8.266847296711834,49.33294042937629,60.46436240449502
4.9158735400273414,71.39516068406749,7.0955954321348695,62.672904122480375,87.55280396451361
9.931380076502533,80.54937735183141,4.813717430524788,59.38945536554776,100.0
9.025095396294226,81.73145587091315,7.86468694067642,67.93215000689173,100.0
7.737472175112543,70.59054482927851,8.277457708952928,50.046676017525336,100.0
9.017132417906724,70.43915547143486,5.271317418770787,44.6523000459533,100.0
9.041019757280768,60.8814263348481,8.593968404513404,84.76031011533217,100.0
5.669725243478042,79.41531242045042,6.272287151493289,85.43246996991039,100.0
3.843361466477137,65.8520455658619,7.017122271666608,80.59937314571874,85.76314969387555
7.948111888998892,51.80299171386819,8.92324766808822,88.69226584587368,100.0
6.95495136850985,70.92000220784303,5.807680393195996,74.6994915467813,100.0
4.362919559863391,73.70663375450852,8.065796729100565,75.88003371371998,93.83872839294597
1.8502000125536373,61.279643410210554,5.591995589142298,75.75540551775845,72.83681306132792
7.721106502141234,78.62289665610578,7.9960676112074545,58.83645785653839,100.0
3.362144643305782,78.28859502159605,7.003669594313212,57.3871316708563,82.24508408901748
9.431318354804013,85.10010905551857,5.081778476127007,44.41357656894019,100.0
3.1687351750511628,82.3974241100605,6.070130468946182,68.68915166155743,85.8121181374051
2.104821391703374,82.62165282605159,5.588178171817809,47.35920816614007,64.96513559500451
8.480014049124154,65.81070759120216,4.39054196540182,45.468504582141264,100.0
2.3795588496204463,89.3716110992977,4.149173850498487,65.15768244576329,73.70352916445994
2.6134147734196516,77.45721917998398,5.7323932770359045,54.598943293502586,70.69942301064874
6.394445123687592,71.5709097589945,4.095170739087433,43.131396527677936,87.73867084942246
8.87105836753718,81.30062404705285,4.827438787908875,78.96336100516987,100.0
2.767911991431159,68.03286672251272,7.6259166042543445,81.63419515766256,75.21175141017356
3.792913056100853,75.63696223033791,7.540456178417939,40.06197118066686,80.88695305376167
7.996643544170598,86.83528442411102,7.692901932286913,30.450421967999993,100.0
9.746437834548706,94.3201443361854,5.585765855649894,50.16779811176242,100.0
5.506670675821081,96.05285986475958,8.450097285588477,77.85065014084515,100.0
2.295077522961257,75.18164625915496,6.969152740142238,80.35043197405946,87.85709377255961
1.1254265893738138,76.01375573702845,4.630131708733133,38.299744206962956,59.175382893469475
3.0669042699896973,89.99352053819183,4.71859330727767,76.46015407098307,90.92629026944553
2.186399960078689,65.72253458721006,7.465477134648507,36.94225003856577,53.422901935145205
7.098928062515717,91.86911811725344,4.86471968221039,53.40375540939175,100.0
2.0964925416567803,74.70708232587117,6.5364635079102165,89.91657090071496,84.88317154968867
5.556969384585697,55.79283621676342,8.958872379643553,41.55544939385459,77.67076864847323
7.248361920785978,53.602957353647184,4.0200380236666975,39.23781495465759,88.42311675010502
6.230049482988122,92.09966055197316,4.082899009487784,55.368019952807614,100.0
2.7979808649405187,52.778395845343894,8.965422909652533,67.18011155819168,78.51994016505803
8.237120735640364,64.0305718066828,6.923194170670827,85.97404694479519,100.0
7.438664166542215,66.7065020250773,4.6345498775925655,88.84926873198205,100.0
7.650856035239876,58.64972225957969,8.486510998770468,34.17843819548368,100.0
2.1795197640158195,65.69466849009946,8.401901500638461,38.27985104087432,69.01000111200139
2.1137842328531016,87.13462833625428,6.681002065556877,77.44427843375964,67.60081783377345
9.348062959058568,50.73414217800354,7.108960149303783,46.23792913625162,100.0
4.578203744424465,91.35867122603432,5.365935957504382,83.09094357038164,99.91705380547101
3.7085382260284576,92.82740117872791,4.2525984818600255,69.8071954337452,79.34927096847085
5.3972564081638,68.61307865957741,6.972838044454322,36.71068814284063,83.97916606999912
6.965777914872242,57.68064495303174,5.4737759660138146,79.95175709544043,100.0
9.60060931342273,80.04202039725405,7.318105233301759,40.58138280048455,100.0
3.578016041938495,55.983627793244715,8.181225884213006,55.40972368077923,77.95893362362344
9.323275863808243,68.24596805391263,4.09080271957182,63.1310957135598,100.0
1.2237354224763068,97.92145904504862,6.978568873428637,60.04596894481669,69.06926644051998
5.996782380941422,99.77322362918186,5.1564026984342615,71.16977493690902,100.0
6.705776005129766,88.60524456772927,8.369442489519006,69.16120409215532,100.0
1.9530766337567798,65.54807549603831,5.268322532809142,89.5225203316833,79.3585134620491
2.2630563735752136,84.38325245830463,7.053850666177091,89.96531455345126,78.36718159285908
4.772028873846734,85.27031827420063,6.767704200448057,60.987564158138454,100.0
9.696087209288635,69.39208475818249,5.980832500296245,35.71194521765184,100.0
6.364382979109355,82.04443172930797,7.388103817998971,73.67059793812311,100.0
9.3972089944019,50.53638224878381,7.628848173577169,88.59984469299535,100.0
8.239248240516737,60.452882930112075,6.834688976596934,49.099583257741216,98.65337218590363
5.2064344139976235,76.25441514836305,7.792111185923771,57.672533150254424,99.991199190243
8.062871043269688,58.18756521291479,8.91708537996469,55.486615488927356,100.0
1.1605310557928896,58.295343393826684,6.096361939504026,33.08514927341576,46.9705754520784
1.9822959708916144,91.8152145275119,6.5729152594276545,70.33586587340669,76.95607731817161
8.464857533944627,99.45665013418028,4.062349389706066,51.20026170410807,100.0
8.171353794926455,77.79847140142242,7.980142781551892,77.24783247789014,100.0
3.093766677697903,91.95348654408568,6.601150335229969,79.92720451691916,92.39455426724476
5.776926315391481,99.51608321631363,6.039807151802826,79.27384719587073,100.0
6.454142386300099,57.07979442843873,4.4703598154469795,54.99995988239281,90.96448526133204
8.809650583984102,72.41228066271755,8.448282108376986,49.292740934453974,100.0
6.427964416048531,69.62863579209599,5.975036200202782,74.92924678002329,100.0
4.713144123463123,54.002464182309254,7.412907991046102,78.08336603056338,100.0
4.367656390664644,87.76650863973722,4.746870781840753,59.47544678348197,79.9743801305751
4.832938777361589,71.68895136612966,8.807748147705162,83.58186117217818,100.0
6.867379230219767,73.46634670952007,4.892208809109155,38.6345217647135,99.74321779754838
8.807415685770923,57.533648690662005,4.997709964497452,82.74412677953761,100.0
5.085071938686697,59.046332611543406,8.29491430278857,35.765713978312874,91.20442845255776
3.2305560665622233,95.35518110781075,8.562913720709656,39.21153132327683,84.7268813233806
3.1299612669782304,52.232454448713945,5.060737037616507,62.03040079643762,74.83842611257616
7.714128522191018,61.642614247185314,6.34900444087414,34.0511088112449,95.77574505043128
8.349118870815193,64.60296651572642,7.66747452281415,33.16842608400662,100.0
1.9475027186871245,74.50987712007932,8.391828669054007,30.03112464994233,59.53863089519357
1.5990297125966033,79.3222586507398,5.8952634751865265,56.17899958165579,68.25703361043786
6.349902973808066,74.66449879253332,6.585097434247146,76.47743287753379,100.0
2.3155591977342844,54.2057667278441,7.708582052598675,32.09030101679494,57.7762089774163
8.421977714107072,62.183372702785675,7.655679883263977,69.13545638795132,100.0
3.79301206531667,92.17941923812705,7.914800650130425,79.3876390449712,100.0
2.294847396740284,81.87943502392295,6.849669093207632,40.08005091467227,71.5400400220132
9.288734252387052,82.45745250671372,4.523075484023876,38.81182408928426,100.0
2.4897855046175037,83.51016276756775,8.5198664543902,81.64805841723216,91.64806494369594
3.56248074104142,88.14515095197646,8.327862696605141,79.38747659700569,94.27305450580383
2.3825205567285277,52.905424086072365,7.990487179091665,62.33650597585121,64.82465844624647
2.039410572988195,68.33041924663061,4.4993123858036475,79.15199275763882,68.84379831346364
1.1903321470279602,76.97637176308393,5.021986835407146,35.565364645469685,45.007046427130206
1.498558682478341,66.9228241648663,7.718001825538259,53.66889107632527,64.79606025337552
2.5717732384226744,92.22394366435933,4.115700472909732,74.26785336638238,81.13304390805109
1.4804373936445785,74.12862542936469,8.896123168536398,45.4471175594378,61.92474263825263
6.320294344998741,88.43137947296896,5.885723401778403,75.13973486601316,94.8778591842294
7.126430741195557,92.60077584405846,7.596562668454117,60.25071626344883,100.0
4.542674111488254,75.2395741451749,8.437855442440217,75.015959276894,100.0
3.8619198725684445,95.4776121935675,5.9731494407504115,57.88077827143977,84.46562823543523
5.54073613320007,79.35619702684903,5.59566244299833,52.074260413309055,93.61816825856053
8.875044480111477,92.51371494168609,7.043705644491234,43.15135298871794,100.0
8.660184641399855,67.02953977957621,6.904946868740254,42.5027604861009,100.0
1.3912755581151275,74.94084792657426,6.045699888123986,75.08944863428377,70.60537427040428
2.633485686368717,76.57055205022888,7.0088737793385425,37.13462088203763,68.22292642389023
3.130703839939564,55.24898579480353,8.676906847832473,35.158941006656704,77.19745825183782
3.2444881824899063,69.92762533507704,6.338201283132983,40.57748190132781,77.01020006613007
6.1410938656849545,95.8668836275838,4.983710903753156,40.52079068723531,93.8987766721584
4.746361831328731,81.54161201823712,5.886029914415019,79.38645736841399,95.30454331940858
1.4432870793483459,58.875329121848374,5.970534912965594,53.910397408452745,56.65784456722477
4.362527246136144,66.94278178048025,4.6555434651311,89.42330744162894,95.92265467382798
5.713776538458735,59.58015048313499,4.814357502772775,38.23267546743674,79.85896668403115
1.9150471261334436,51.24115658992863,7.4228103669683865,69.21238954161859,65.62062750199536
8.501126984097038,96.37302292520133,5.697388771044514,56.92377043207503,100.0
1.4676567981859383,72.41036641284357,8.774491959279038,53.57509060182444,66.0174322319138
9.32357682116256,65.37675362103931,5.217983726793037,82.50505194324494,100.0
1.8920182742188794,79.92385957788683,4.494622525524112,88.53573874970398,79.83122789982684
8.592174564379775,50.36572281465078,7.767522815001289,82.37153752645072,100.0
9.123878295348554,63.90110533004069,8.40518025958935,41.53804074210798,100.0
9.816136125279334,85.15167328494462,5.390566784357439,43.24787527253604,100.0
8.218232922462342,81.68848865346315,5.01044050822739,69.3644327457038,100.0
8.01529786694196,99.09029737712677,4.928830674355436,47.3450148982915,100.0
6.782349483959929,81.0178854829022,6.610061506832562,74.08350784683479,100.0
